Date,RUB=X
2019-01-01,69.17400360107422
2019-01-02,68.89250183105469
2019-01-03,69.02580261230469
2019-01-04,68.85910034179688
2019-01-07,67.56600189208984
2019-01-08,66.74829864501953
2019-01-09,66.8864974975586
2019-01-10,66.65270233154297
2019-01-11,66.86720275878906
2019-01-14,66.85220336914062
2019-01-15,66.98539733886719
2019-01-16,67.01349639892578
2019-01-17,66.31600189208984
2019-01-18,66.3467025756836
2019-01-21,66.20490264892578
2019-01-22,66.3635025024414
2019-01-23,66.4761962890625
2019-01-24,66.03710174560547
2019-01-25,65.73040008544922
2019-01-28,65.74629974365234
2019-01-29,66.20980072021484
2019-01-30,65.96330261230469
2019-01-31,65.41439819335938
2019-02-01,65.36329650878906
2019-02-04,65.45179748535156
2019-02-05,65.54129791259766
2019-02-06,65.60710144042969
2019-02-07,65.77749633789062
2019-02-08,65.8936996459961
2019-02-11,65.40029907226562
2019-02-12,65.77030181884766
2019-02-13,65.8301010131836
2019-02-14,66.51580047607422
2019-02-15,66.6229019165039
2019-02-18,66.2052993774414
2019-02-19,66.20269775390625
2019-02-20,65.76570129394531
2019-02-21,65.62989807128906
2019-02-22,65.64990234375
2019-02-25,65.40450286865234
2019-02-26,65.56790161132812
2019-02-27,65.64810180664062
2019-02-28,65.72579956054688
2019-03-01,65.82559967041016
2019-03-04,65.82469940185547
2019-03-05,65.65910339355469
2019-03-06,65.78939819335938
2019-03-07,65.92410278320312
2019-03-08,66.25389862060547
2019-03-11,66.34970092773438
2019-03-12,65.83110046386719
2019-03-13,65.58350372314453
2019-03-14,65.33769989013672
2019-03-15,65.44309997558594
2019-03-18,64.7957992553711
2019-03-19,64.33059692382812
2019-03-20,64.3302001953125
2019-03-21,63.80070114135742
2019-03-22,63.79399871826172
2019-03-25,64.50129699707031
2019-03-26,64.01950073242188
2019-03-27,64.30690002441406
2019-03-28,64.81559753417969
2019-03-29,64.90869903564453
2019-04-01,65.60220336914062
2019-04-02,65.21109771728516
2019-04-03,65.31659698486328
2019-04-04,65.18280029296875
2019-04-05,65.39289855957031
2019-04-08,65.3634033203125
2019-04-09,64.87419891357422
2019-04-10,64.86250305175781
2019-04-11,64.23919677734375
2019-04-12,64.5687026977539
2019-04-15,64.34760284423828
2019-04-16,64.30870056152344
2019-04-17,64.01699829101562
2019-04-18,63.854400634765625
2019-04-19,63.89609909057617
2019-04-22,63.98809814453125
2019-04-23,63.78450012207031
2019-04-24,63.669700622558594
2019-04-25,64.38710021972656
2019-04-26,64.6093978881836
2019-04-29,64.63150024414062
2019-04-30,64.43180084228516
2019-05-01,64.55879974365234
2019-05-02,64.7240982055664
2019-05-03,65.36599731445312
2019-05-06,65.32689666748047
2019-05-07,65.2791976928711
2019-05-08,65.3667984008789
2019-05-09,65.02449798583984
2019-05-10,65.2020034790039
2019-05-13,65.143798828125
2019-05-14,65.28939819335938
2019-05-15,64.85859680175781
2019-05-16,64.64440155029297
2019-05-17,64.6272964477539
2019-05-20,64.68389892578125
2019-05-21,64.46109771728516
2019-05-23,64.34559631347656
2019-05-24,64.82659912109375
2019-05-27,64.43589782714844
2019-05-28,64.3407974243164
2019-05-29,64.63379669189453
2019-05-30,64.9207992553711
2019-05-31,65.21389770507812
2019-06-03,65.5551986694336
2019-06-04,65.3031005859375
2019-06-05,65.12999725341797
2019-06-06,65.27850341796875
2019-06-07,65.03279876708984
2019-06-10,64.82839965820312
2019-06-11,64.70120239257812
2019-06-12,64.55030059814453
2019-06-13,64.77639770507812
2019-06-14,64.51809692382812
2019-06-17,64.32820129394531
2019-06-18,64.29869842529297
2019-06-19,63.957698822021484
2019-06-20,63.731998443603516
2019-06-21,62.8671989440918
2019-06-24,63.05699920654297
2019-06-25,62.52989959716797
2019-06-26,62.8661003112793
2019-06-27,63.00559997558594
2019-06-28,63.05739974975586
2019-07-01,62.95830154418945
2019-07-02,62.90840148925781
2019-07-03,63.27069854736328
2019-07-04,63.28089904785156
2019-07-05,63.43170166015625
2019-07-08,63.72700119018555
2019-07-09,63.65409851074219
2019-07-10,63.813201904296875
2019-07-11,63.11600112915039
2019-07-12,62.79570007324219
2019-07-15,63.110198974609375
2019-07-16,62.646400451660156
2019-07-17,62.96379852294922
2019-07-18,62.902198791503906
2019-07-19,62.85409927368164
2019-07-22,62.976200103759766
2019-07-23,63.0010986328125
2019-07-24,63.16510009765625
2019-07-25,63.24509811401367
2019-07-26,63.15129852294922
2019-07-29,63.17660140991211
2019-07-30,63.41419982910156
2019-07-31,63.49079895019531
2019-08-01,63.56460189819336
2019-08-02,64.29989624023438
2019-08-05,65.22650146484375
2019-08-06,65.71990203857422
2019-08-07,65.25430297851562
2019-08-08,65.3292007446289
2019-08-09,65.07720184326172
2019-08-12,65.27880096435547
2019-08-13,65.41259765625
2019-08-14,64.88050079345703
2019-08-15,66.04650115966797
2019-08-16,66.05239868164062
2019-08-19,66.35820007324219
2019-08-20,66.9352035522461
2019-08-21,66.41940307617188
2019-08-22,65.76629638671875
2019-08-23,65.52950286865234
2019-08-26,66.24369812011719
2019-08-27,66.09320068359375
2019-08-28,66.41130065917969
2019-08-29,66.74510192871094
2019-08-30,66.49150085449219
2019-09-02,66.73799896240234
2019-09-03,66.75679779052734
2019-09-04,66.74569702148438
2019-09-05,66.19120025634766
2019-09-06,66.16709899902344
2019-09-09,65.75849914550781
2019-09-10,65.51470184326172
2019-09-11,65.31729888916016
2019-09-12,65.42160034179688
2019-09-13,64.72859954833984
2019-09-16,63.899600982666016
2019-09-17,63.968299865722656
2019-09-18,64.28810119628906
2019-09-19,64.21089935302734
2019-09-20,63.97919845581055
2019-09-23,63.95249938964844
2019-09-24,63.76890182495117
2019-09-25,64.0000991821289
2019-09-26,64.1498031616211
2019-09-27,64.21510314941406
2019-09-30,64.62210083007812
2019-10-01,64.82050323486328
2019-10-02,65.22969818115234
2019-10-03,65.21649932861328
2019-10-04,65.07640075683594
2019-10-07,64.66439819335938
2019-10-08,64.94409942626953
2019-10-09,65.15540313720703
2019-10-10,65.01730346679688
2019-10-11,64.3927001953125
2019-10-14,64.2396011352539
2019-10-15,64.25240325927734
2019-10-16,64.2781982421875
2019-10-17,64.08270263671875
2019-10-18,64.06490325927734
2019-10-21,63.890201568603516
2019-10-22,63.725101470947266
2019-10-23,63.6526985168457
2019-10-24,63.90380096435547
2019-10-25,64.03479766845703
2019-10-28,63.82569885253906
2019-10-29,63.68349838256836
2019-10-30,63.94179916381836
2019-10-31,63.75080108642578
2019-11-01,64.09130096435547
2019-11-04,63.40169906616211
2019-11-05,63.449100494384766
2019-11-06,63.44779968261719
2019-11-07,63.81549835205078
2019-11-08,63.74409866333008
2019-11-11,63.8025016784668
2019-11-12,63.835601806640625
2019-11-13,64.22820281982422
2019-11-14,64.28150177001953
2019-11-15,63.89289855957031
2019-11-18,63.70330047607422
2019-11-19,63.85580062866211
2019-11-20,63.837398529052734
2019-11-21,63.787899017333984
2019-11-22,63.66999816894531
2019-11-25,63.79790115356445
2019-11-26,63.898101806640625
2019-11-27,63.94070053100586
2019-11-28,63.958099365234375
2019-11-29,64.05619812011719
2019-12-02,64.29199981689453
2019-12-03,64.17160034179688
2019-12-04,64.09120178222656
2019-12-05,63.859100341796875
2019-12-06,63.67580032348633
2019-12-09,63.630001068115234
2019-12-10,63.51430130004883
2019-12-11,63.485198974609375
2019-12-12,63.30400085449219
2019-12-13,62.674800872802734
2019-12-16,62.86399841308594
2019-12-17,62.439998626708984
2019-12-18,62.40879821777344
2019-12-19,62.61280059814453
2019-12-20,62.3218994140625
2019-12-23,62.222599029541016
2019-12-24,62.292198181152344
2019-12-25,61.91999816894531
2019-12-26,61.81169891357422
2019-12-27,62.17599868774414
2019-12-30,62.05120086669922
2019-12-31,61.971099853515625
2020-01-01,62.02830123901367
2020-01-02,61.83000183105469
2020-01-03,61.69419860839844
2020-01-06,62.029998779296875
2020-01-07,61.775001525878906
2020-01-08,61.93090057373047
2020-01-09,61.26190185546875
2020-01-10,61.2661018371582
2020-01-13,61.005001068115234
2020-01-14,61.1879997253418
2020-01-15,61.4025993347168
2020-01-16,61.344398498535156
2020-01-17,61.57749938964844
2020-01-20,61.56740188598633
2020-01-21,61.568599700927734
2020-01-22,61.85969924926758
2020-01-23,61.87799835205078
2020-01-24,61.892799377441406
2020-01-27,62.13100051879883
2020-01-28,62.89390182495117
2020-01-29,62.21329879760742
2020-01-30,62.51649856567383
2020-01-31,63.19609832763672
2020-02-03,63.89030075073242
2020-02-04,63.653099060058594
2020-02-05,62.92620086669922
2020-02-06,62.83879852294922
2020-02-07,63.27000045776367
2020-02-10,64.12930297851562
2020-02-11,64.07830047607422
2020-02-12,63.32429885864258
2020-02-13,63.198001861572266
2020-02-14,63.634498596191406
2020-02-17,63.52510070800781
2020-02-18,63.46549987792969
2020-02-19,63.865699768066406
2020-02-20,63.52069854736328
2020-02-21,64.1261978149414
2020-02-24,64.0541000366211
2020-02-25,65.32369995117188
2020-02-26,65.27839660644531
2020-02-27,65.45130157470703
2020-02-28,66.26909637451172
2020-03-02,67.13099670410156
2020-03-03,66.25569915771484
2020-03-04,66.17960357666016
2020-03-05,66.19200134277344
2020-03-06,67.53939819335938
2020-03-09,72.05000305175781
2020-03-10,74.64099884033203
2020-03-11,71.05020141601562
2020-03-12,73.11499786376953
2020-03-13,74.89810180664062
2020-03-16,73.23799896240234
2020-03-17,74.3563003540039
2020-03-18,75.29750061035156
2020-03-19,80.91999816894531
2020-03-20,78.9655990600586
2020-03-23,79.83869934082031
2020-03-24,79.44280242919922
2020-03-25,78.26319885253906
2020-03-26,78.32849884033203
2020-03-27,77.44029998779297
2020-03-30,78.6520004272461
2020-03-31,79.58920288085938
2020-04-01,78.41419982910156
2020-04-02,78.66619873046875
2020-04-03,77.09950256347656
2020-04-06,77.09750366210938
2020-04-07,75.95559692382812
2020-04-08,75.53510284423828
2020-04-09,75.04810333251953
2020-04-10,74.26380157470703
2020-04-13,73.66329956054688
2020-04-14,73.60289764404297
2020-04-15,73.0154037475586
2020-04-16,74.81849670410156
2020-04-17,74.19740295410156
2020-04-20,74.06510162353516
2020-04-21,75.4092025756836
2020-04-22,76.92009735107422
2020-04-23,75.93009948730469
2020-04-24,74.91500091552734
2020-04-27,74.59329986572266
2020-04-28,74.46499633789062
2020-04-29,74.14739990234375
2020-04-30,73.06539916992188
2020-05-01,74.3385009765625
2020-05-04,75.42749786376953
2020-05-05,74.72489929199219
2020-05-06,73.69860076904297
2020-05-07,74.46499633789062
2020-05-08,73.88870239257812
2020-05-11,73.39340209960938
2020-05-12,73.62139892578125
2020-05-13,73.60269927978516
2020-05-14,73.94779968261719
2020-05-15,73.50969696044922
2020-05-18,73.5969009399414
2020-05-19,72.69059753417969
2020-05-20,72.49189758300781
2020-05-21,71.21170043945312
2020-05-22,70.90480041503906
2020-05-25,71.57440185546875
2020-05-26,71.6187973022461
2020-05-27,70.7594985961914
2020-05-28,71.02230072021484
2020-05-29,70.50489807128906
2020-06-01,70.16010284423828
2020-06-02,69.07640075683594
2020-06-03,68.66010284423828
2020-06-04,68.49749755859375
2020-06-05,69.02729797363281
2020-06-08,68.13680267333984
2020-06-09,68.0905990600586
2020-06-10,68.5863037109375
2020-06-11,68.41739654541016
2020-06-12,70.06759643554688
2020-06-15,69.50640106201172
2020-06-16,69.57250213623047
2020-06-17,69.58689880371094
2020-06-18,69.72799682617188
2020-06-19,69.92019653320312
2020-06-22,69.64710235595703
2020-06-23,69.091796875
2020-06-24,68.72429656982422
2020-06-25,69.4905014038086
2020-06-26,69.05829620361328
2020-06-29,69.72429656982422
2020-06-30,69.9729995727539
2020-07-01,71.15070343017578
2020-07-02,70.85870361328125
2020-07-03,70.58830261230469
2020-07-06,71.33110046386719
2020-07-07,71.78800201416016
2020-07-08,71.41000366210938
2020-07-09,71.2041015625
2020-07-10,70.74440002441406
2020-07-13,70.69750213623047
2020-07-14,70.77159881591797
2020-07-15,70.95809936523438
2020-07-16,71.00430297851562
2020-07-17,71.54840087890625
2020-07-20,71.82530212402344
2020-07-21,71.4906997680664
2020-07-22,70.69709777832031
2020-07-23,71.12989807128906
2020-07-24,71.30490112304688
2020-07-27,71.70999908447266
2020-07-28,71.54010009765625
2020-07-29,72.4740982055664
2020-07-30,72.47579956054688
2020-07-31,73.32150268554688
2020-08-03,74.3550033569336
2020-08-04,73.03669738769531
2020-08-05,73.38890075683594
2020-08-06,72.81439971923828
2020-08-07,73.16230010986328
2020-08-10,73.71499633789062
2020-08-11,73.5260009765625
2020-08-12,73.06490325927734
2020-08-13,73.7780990600586
2020-08-14,72.91449737548828
2020-08-17,72.95719909667969
2020-08-18,73.63020324707031
2020-08-19,73.0459976196289
2020-08-20,73.25659942626953
2020-08-21,73.8687973022461
2020-08-24,74.7300033569336
2020-08-25,74.5999984741211
2020-08-26,75.30889892578125
2020-08-27,75.5873031616211
2020-08-28,74.98410034179688
2020-08-31,74.13020324707031
2020-09-01,73.81289672851562
2020-09-02,73.55960083007812
2020-09-03,75.46269989013672
2020-09-04,75.29519653320312
2020-09-07,75.31729888916016
2020-09-08,75.71810150146484
2020-09-09,76.23699951171875
2020-09-10,75.32369995117188
2020-09-11,75.14350128173828
2020-09-14,74.86499786376953
2020-09-15,75.206298828125
2020-09-16,75.20050048828125
2020-09-17,74.86009979248047
2020-09-18,74.95719909667969
2020-09-21,75.54850006103516
2020-09-22,76.29219818115234
2020-09-23,76.01899719238281
2020-09-24,76.79730224609375
2020-09-25,77.02639770507812
2020-09-28,78.10379791259766
2020-09-29,79.1613998413086
2020-09-30,78.96510314941406
2020-10-01,77.66560363769531
2020-10-02,77.2061996459961
2020-10-05,78.13999938964844
2020-10-06,78.1093978881836
2020-10-07,78.372802734375
2020-10-08,78.0824966430664
2020-10-09,77.27960205078125
2020-10-12,76.8385009765625
2020-10-13,77.00019836425781
2020-10-14,77.0259017944336
2020-10-15,77.71540069580078
2020-10-16,77.92070007324219
2020-10-19,77.51699829101562
2020-10-20,77.58820343017578
2020-10-21,77.2822036743164
2020-10-22,76.67890167236328
2020-10-23,76.53839874267578
2020-10-26,76.16950225830078
2020-10-27,76.44950103759766
2020-10-28,77.2865982055664
2020-10-29,79.052001953125
2020-10-30,78.83830261230469
2020-11-02,79.47090148925781
2020-11-03,80.52189636230469
2020-11-04,79.04989624023438
2020-11-05,77.5636978149414
2020-11-06,76.88719940185547
2020-11-09,77.31649780273438
2020-11-10,76.26370239257812
2020-11-11,76.46240234375
2020-11-12,77.04750061035156
2020-11-13,77.07450103759766
2020-11-16,77.31790161132812
2020-11-17,76.27629852294922
2020-11-18,76.20950317382812
2020-11-19,75.8843994140625
2020-11-20,76.16519927978516
2020-11-23,76.17890167236328
2020-11-24,75.96170043945312
2020-11-25,75.41790008544922
2020-11-26,75.44599914550781
2020-11-27,75.64990234375
2020-11-30,75.99150085449219
2020-12-01,76.40480041503906
2020-12-02,75.95850372314453
2020-12-03,75.11070251464844
2020-12-04,74.48889923095703
2020-12-07,73.8550033569336
2020-12-08,73.74610137939453
2020-12-09,73.34049987792969
2020-12-10,73.61129760742188
2020-12-11,73.07820129394531
2020-12-14,73.03199768066406
2020-12-15,74.12129974365234
2020-12-16,73.27850341796875
2020-12-17,73.347900390625
2020-12-18,73.09040069580078
2020-12-21,73.48100280761719
2020-12-22,74.55130004882812
2020-12-23,75.87809753417969
2020-12-24,75.02020263671875
2020-12-25,74.02999877929688
2020-12-28,73.95490264892578
2020-12-29,73.93049621582031
2020-12-30,74.02140045166016
2020-12-31,74.52200317382812
2021-01-01,73.91120147705078
2021-01-04,74.12740325927734
2021-01-05,74.47540283203125
2021-01-06,74.13510131835938
2021-01-07,74.09149932861328
2021-01-08,74.59510040283203
2021-01-11,74.4020004272461
2021-01-12,74.62809753417969
2021-01-13,73.44020080566406
2021-01-14,73.8488998413086
2021-01-15,73.32530212402344
2021-01-18,73.59860229492188
2021-01-19,73.92980194091797
2021-01-20,73.77100372314453
2021-01-21,73.45339965820312
2021-01-22,73.94770050048828
2021-01-25,75.31490325927734
2021-01-26,75.2822036743164
2021-01-27,75.07009887695312
2021-01-28,75.87339782714844
2021-01-29,76.1666030883789
2021-02-01,75.88179779052734
2021-02-02,76.11360168457031
2021-02-03,76.22049713134766
2021-02-04,75.885498046875
2021-02-05,75.4906997680664
2021-02-08,74.60790252685547
2021-02-09,74.3228988647461
2021-02-10,73.87670135498047
2021-02-11,73.86650085449219
2021-02-12,73.63899993896484
2021-02-15,73.57319641113281
2021-02-16,73.33200073242188
2021-02-17,73.5416030883789
2021-02-18,73.7156982421875
2021-02-19,73.83380126953125
2021-02-22,74.14360046386719
2021-02-23,74.22450256347656
2021-02-24,74.07080078125
2021-02-25,73.49469757080078
2021-02-26,74.706298828125
2021-03-01,74.6709976196289
2021-03-02,74.25150299072266
2021-03-03,73.78880310058594
2021-03-04,74.01429748535156
2021-03-05,74.55500030517578
2021-03-08,74.32720184326172
2021-03-09,74.47460174560547
2021-03-10,74.02950286865234
2021-03-11,73.5239028930664
2021-03-12,73.30030059814453
2021-03-15,73.31849670410156
2021-03-16,72.73500061035156
2021-03-17,72.86799621582031
2021-03-18,73.65480041503906
2021-03-19,74.32160186767578
2021-03-22,74.15370178222656
2021-03-23,74.7958984375
2021-03-24,76.3313980102539
2021-03-25,76.61620330810547
2021-03-26,76.11710357666016
2021-03-29,75.66110229492188
2021-03-30,75.65460205078125
2021-03-31,75.90399932861328
2021-04-01,75.67489624023438
2021-04-02,76.26429748535156
2021-04-05,76.41519927978516
2021-04-06,76.43409729003906
2021-04-07,77.00050354003906
2021-04-08,77.15809631347656
2021-04-09,76.79199981689453
2021-04-12,77.38700103759766
2021-04-13,77.29119873046875
2021-04-14,75.91850280761719
2021-04-15,76.01419830322266
2021-04-16,76.07849884033203
2021-04-19,75.95500183105469
2021-04-20,76.27210235595703
2021-04-21,76.822998046875
2021-04-22,76.56900024414062
2021-04-23,75.50550079345703
2021-04-26,74.908203125
2021-04-27,74.9751968383789
2021-04-28,74.7791976928711
2021-04-29,74.3635025024414
2021-04-30,74.72930145263672
2021-05-03,75.19750213623047
2021-05-04,74.89430236816406
2021-05-05,74.7322998046875
2021-05-06,74.80370330810547
2021-05-07,74.1886978149414
2021-05-10,73.5707015991211
2021-05-11,74.27649688720703
2021-05-12,74.16739654541016
2021-05-13,74.60050201416016
2021-05-14,73.997802734375
2021-05-17,73.95770263671875
2021-05-18,73.78260040283203
2021-05-19,73.67140197753906
2021-05-20,73.73169708251953
2021-05-21,73.46900177001953
2021-05-24,73.61280059814453
2021-05-25,73.43890380859375
2021-05-26,73.47149658203125
2021-05-27,73.53900146484375
2021-05-28,73.44020080566406
2021-05-31,73.1947021484375
2021-06-01,73.39839935302734
2021-06-02,73.5154037475586
2021-06-03,73.14510345458984
2021-06-04,73.2145004272461
2021-06-07,73.00160217285156
2021-06-08,72.7925033569336
2021-06-09,72.24310302734375
2021-06-10,72.302001953125
2021-06-11,71.74099731445312
2021-06-14,72.06330108642578
2021-06-15,72.02030181884766
2021-06-16,72.20939636230469
2021-06-17,72.56539916992188
2021-06-18,72.38919830322266
2021-06-21,72.7979965209961
2021-06-22,73.08899688720703
2021-06-23,72.86199951171875
2021-06-24,72.63079833984375
2021-06-25,72.2969970703125
2021-06-28,72.20999908447266
2021-06-29,72.20439910888672
2021-06-30,72.72239685058594
2021-07-01,73.05449676513672
2021-07-02,73.45690155029297
2021-07-05,73.21489715576172
2021-07-06,73.39630126953125
2021-07-07,74.4988021850586
2021-07-08,74.69920349121094
2021-07-09,74.71170043945312
2021-07-12,74.2531967163086
2021-07-13,74.36689758300781
2021-07-14,74.33460235595703
2021-07-15,74.12629699707031
2021-07-16,74.36869812011719
2021-07-19,74.05899810791016
2021-07-20,74.6613998413086
2021-07-21,74.34729766845703
2021-07-22,73.94120025634766
2021-07-23,73.65509796142578
2021-07-26,73.677001953125
2021-07-27,73.68090057373047
2021-07-28,73.70909881591797
2021-07-29,73.4386978149414
2021-07-30,73.15299987792969
2021-08-02,73.08789825439453
2021-08-03,72.95809936523438
2021-08-04,72.939697265625
2021-08-05,73.17859649658203
2021-08-06,73.12090301513672
2021-08-09,73.5031967163086
2021-08-10,73.62059783935547
2021-08-11,73.9219970703125
2021-08-12,73.40149688720703
2021-08-13,73.53839874267578
2021-08-16,73.15010070800781
2021-08-17,73.28269958496094
2021-08-18,73.595703125
2021-08-19,73.84349822998047
2021-08-20,74.27510070800781
2021-08-23,74.19509887695312
2021-08-24,74.08049774169922
2021-08-25,73.7614974975586
2021-08-26,73.7699966430664
2021-08-27,74.26750183105469
2021-08-30,73.40119934082031
2021-08-31,73.41649627685547
2021-09-01,73.27259826660156
2021-09-02,72.9813003540039
2021-09-03,73.00890350341797
2021-09-06,72.77220153808594
2021-09-07,72.96820068359375
2021-09-08,73.36319732666016
2021-09-09,73.24569702148438
2021-09-10,72.86199951171875
2021-09-13,73.09609985351562
2021-09-14,72.64399719238281
2021-09-15,72.87960052490234
2021-09-16,72.2406005859375
2021-09-17,72.47250366210938
2021-09-20,72.80850219726562
2021-09-21,73.36000061035156
2021-09-22,73.00150299072266
2021-09-23,72.91590118408203
2021-09-24,72.6729965209961
2021-09-27,72.6968994140625
2021-09-28,72.58460235595703
2021-09-29,72.83920288085938
2021-09-30,72.84590148925781
2021-10-01,72.71720123291016
2021-10-04,72.74500274658203
2021-10-05,72.47989654541016
2021-10-06,72.29090118408203
2021-10-07,72.39459991455078
2021-10-08,71.78350067138672
2021-10-11,71.75330352783203
2021-10-12,71.83509826660156
2021-10-13,71.84649658203125
2021-10-14,71.96900177001953
2021-10-15,71.36750030517578
2021-10-18,71.03150177001953
2021-10-19,71.18900299072266
2021-10-20,70.82859802246094
2021-10-21,70.81909942626953
2021-10-22,71.1166000366211
2021-10-25,70.35250091552734
2021-10-26,69.80590057373047
2021-10-27,69.45379638671875
2021-10-28,70.58049774169922
2021-10-29,70.14240264892578
2021-11-01,70.82340240478516
2021-11-02,71.57990264892578
2021-11-03,71.60540008544922
2021-11-04,71.69560241699219
2021-11-05,71.40599822998047
2021-11-08,71.27320098876953
2021-11-09,71.21980285644531
2021-11-10,70.70449829101562
2021-11-11,71.23860168457031
2021-11-12,71.56400299072266
2021-11-15,72.85929870605469
2021-11-16,72.48280334472656
2021-11-17,73.09750366210938
2021-11-18,72.55870056152344
2021-11-19,73.06500244140625
2021-11-22,73.53299713134766
2021-11-23,74.97039794921875
2021-11-24,74.27149963378906
2021-11-25,74.93299865722656
2021-11-26,74.5282974243164
2021-11-29,75.5199966430664
2021-11-30,74.43920135498047
2021-12-01,74.0790023803711
2021-12-02,74.24600219726562
2021-12-03,73.61949920654297
2021-12-06,73.8677978515625
2021-12-07,74.34819793701172
2021-12-08,73.99030303955078
2021-12-09,73.52349853515625
2021-12-10,73.61499786376953
2021-12-13,73.40869903564453
2021-12-14,73.4625015258789
2021-12-15,73.79340362548828
2021-12-16,73.60130310058594
2021-12-17,73.76020050048828
2021-12-20,74.0625991821289
2021-12-21,74.0634994506836
2021-12-22,73.86959838867188
2021-12-23,73.61129760742188
2021-12-24,73.29879760742188
2021-12-27,73.61000061035156
2021-12-28,73.35900115966797
2021-12-29,73.6675033569336
2021-12-30,73.9749984741211
2021-12-31,74.53150177001953
2022-01-03,74.98600006103516
2022-01-04,74.3718032836914
2022-01-05,75.26300048828125
2022-01-06,76.6615982055664
2022-01-07,76.35369873046875
2022-01-10,75.44599914550781
2022-01-11,74.85600280761719
2022-01-12,74.45369720458984
2022-01-13,74.56449890136719
2022-01-14,76.30599975585938
2022-01-17,76.32450103759766
2022-01-18,76.06199645996094
2022-01-19,76.80850219726562
2022-01-20,76.31659698486328
2022-01-21,76.09130096435547
2022-01-24,77.40599822998047
2022-01-25,78.65350341796875
2022-01-26,78.73570251464844
2022-01-27,79.19960021972656
2022-01-28,78.07250213623047
2022-01-31,77.73580169677734
2022-02-01,77.30780029296875
2022-02-02,76.69159698486328
2022-02-03,76.1729965209961
2022-02-04,76.4114990234375
2022-02-07,75.82779693603516
2022-02-08,75.41739654541016
2022-02-09,75.0354995727539
2022-02-10,74.71019744873047
2022-02-11,75.02729797363281
2022-02-14,77.45439910888672
2022-02-15,76.4854965209961
2022-02-16,75.4729995727539
2022-02-17,75.03450012207031
2022-02-18,76.12860107421875
2022-02-21,77.36579895019531
2022-02-22,80.38300323486328
2022-02-23,78.80950164794922
2022-02-24,81.41439819335938
2022-02-25,84.91500091552734
2022-02-28,83.26100158691406
2022-03-01,104.97350311279297
2022-03-02,108.47949981689453
2022-03-03,102.71499633789062
2022-03-04,109.46499633789062
2022-03-07,108.84510040283203
2022-03-08,138.96510314941406
2022-03-09,129.96499633789062
2022-03-10,138.71499633789062
2022-03-11,133.46499633789062
2022-03-14,132.0886993408203
2022-03-15,119.96499633789062
2022-03-16,108.27749633789062
2022-03-17,100.96510314941406
2022-03-18,103.08999633789062
2022-03-21,132.0886993408203
2022-03-22,106.61499786376953
2022-03-23,105.96499633789062
2022-03-24,96.71499633789062
2022-03-25,102.21499633789062
2022-03-28,100.83999633789062
2022-03-29,97.96510314941406
2022-03-30,87.46499633789062
2022-03-31,83.46499633789062
2022-04-01,81.71499633789062
2022-04-04,84.21499633789062
2022-04-05,83.71499633789062
2022-04-06,83.96499633789062
2022-04-07,82.08999633789062
2022-04-08,79.21499633789062
2022-04-11,85.08999633789062
2022-04-12,83.46499633789062
2022-04-13,85.33999633789062
2022-04-14,82.38999938964844
2022-04-15,82.58999633789062
2022-04-18,80.71499633789062
2022-04-19,81.08999633789062
2022-04-20,80.96499633789062
2022-04-21,82.73999786376953
2022-04-22,80.83999633789062
2022-04-25,77.33999633789062
2022-04-26,75.73999786376953
2022-04-27,74.21499633789062
2022-04-28,73.83999633789062
2022-04-29,72.71499633789062
2022-05-02,73.31500244140625
2022-05-03,70.56500244140625
2022-05-04,67.21489715576172
2022-05-05,66.96499633789062
2022-05-06,64.79000091552734
2022-05-09,68.96499633789062
2022-05-10,69.83999633789062
2022-05-11,69.83999633789062
2022-05-12,66.71499633789062
2022-05-13,65.08999633789062
2022-05-16,66.46499633789062
2022-05-17,64.58999633789062
2022-05-18,64.96499633789062
2022-05-19,64.21499633789062
2022-05-20,62.09000015258789
2022-05-23,62.46500015258789
2022-05-24,58.540000915527344
2022-05-25,57.089900970458984
2022-05-26,60.315101623535156
2022-05-27,64.21499633789062
2022-05-30,66.46499633789062
2022-05-31,64.58989715576172
2022-06-01,62.71500015258789
2022-06-02,63.46500015258789
2022-06-03,63.46500015258789
2022-06-06,63.21500015258789
2022-06-07,61.34000015258789
2022-06-08,62.464900970458984
2022-06-09,59.9650993347168
2022-06-10,57.96500015258789
2022-06-13,110.67410278320312
2022-06-14,57.71500015258789
2022-06-15,58.34000015258789
2022-06-16,57.21500015258789
2022-06-17,57.339900970458984
2022-06-20,56.71500015258789
2022-06-21,54.71500015258789
2022-06-22,53.84000015258789
2022-06-23,54.96500015258789
2022-06-24,54.46500015258789
2022-06-27,53.3650016784668
2022-06-28,53.09000015258789
2022-06-29,53.714900970458984
2022-06-30,52.4650993347168
2022-07-01,54.84000015258789
2022-07-04,53.23749923706055
2022-07-05,54.5
2022-07-06,63.4650993347168
2022-07-07,63.51499938964844
2022-07-08,63.040000915527344
2022-07-11,64.86499786376953
2022-07-12,60.91999816894531
2022-07-13,58.38999938964844
2022-07-14,58.439998626708984
2022-07-15,58.2400016784668
2022-07-18,110.67410278320312
2022-07-19,57.71500015258789
2022-07-20,56.46500015258789
2022-07-21,54.9650993347168
2022-07-22,57.96500015258789
2022-07-25,58.09000015258789
2022-07-26,58.46500015258789
2022-07-27,60.09000015258789
2022-07-28,59.34000015258789
2022-07-29,62.46500015258789
2022-08-01,62.21500015258789
2022-08-02,60.16999816894531
2022-08-03,60.790000915527344
2022-08-04,62.68510055541992
2022-08-05,61.46500015258789
2022-08-08,60.4900016784668
2022-08-09,61.84000015258789
2022-08-10,60.439998626708984
2022-08-11,61.46500015258789
2022-08-12,60.59000015258789
2022-08-15,62.21500015258789
2022-08-16,60.5
2022-08-17,61.46500015258789
2022-08-18,60.46500015258789
2022-08-19,59.96500015258789
2022-08-22,59.46500015258789
2022-08-23,60.09000015258789
2022-08-24,60.21500015258789
2022-08-25,59.790000915527344
2022-08-26,60.34000015258789
2022-08-29,60.26499938964844
2022-08-30,61.71500015258789
2022-08-31,59.96500015258789
2022-09-01,60.09000015258789
2022-09-02,60.17499923706055
2022-09-05,60.17499923706055
2022-09-06,60.974998474121094
2022-09-07,61.2400016784668
2022-09-08,64.26490020751953
2022-09-09,61.46500015258789
2022-09-12,62.185001373291016
2022-09-13,59.625
2022-09-14,58.5
2022-09-15,59.689998626708984
2022-09-16,59.59000015258789
2022-09-19,59.5
2022-09-20,60.040000915527344
2022-09-21,60.400001525878906
2022-09-22,61.564998626708984
2022-09-23,61.46500015258789
2022-09-26,57.21500015258789
2022-09-27,58.46500015258789
2022-09-28,58.8650016784668
2022-09-29,58.41510009765625
2022-09-30,57.46500015258789
2022-10-03,60.21500015258789
2022-10-04,57.9900016784668
2022-10-05,58.9900016784668
2022-10-06,61.28990173339844
2022-10-07,60.4900016784668
2022-10-10,64.33499908447266
2022-10-11,61.96500015258789
2022-10-12,64.125
2022-10-13,63.689998626708984
2022-10-14,63.964900970458984
2022-10-17,62.6150016784668
2022-10-18,62.01499938964844
2022-10-19,62.26499938964844
2022-10-20,60.96500015258789
2022-10-21,61.6150016784668
2022-10-24,61.6150016784668
2022-10-25,61.21500015258789
2022-10-26,62.21500015258789
2022-10-27,61.2400016784668
2022-10-28,61.290000915527344
2022-10-31,61.4900016784668
2022-11-01,62.01499938964844
2022-11-02,61.714900970458984
2022-11-03,61.665000915527344
2022-11-04,62.314998626708984
2022-11-07,61.96500015258789
2022-11-08,63.165000915527344
2022-11-09,60.939998626708984
2022-11-10,61.6150016784668
2022-11-11,60.71500015258789
2022-11-14,60.51499938964844
2022-11-15,59.53499984741211
2022-11-16,61.3651008605957
2022-11-17,60.7400016784668
2022-11-18,60.3650016784668
2022-11-21,60.814998626708984
2022-11-22,60.625
2022-11-23,60.630001068115234
2022-11-24,60.76499938964844
2022-11-25,60.33000183105469
2022-11-28,60.46500015258789
2022-11-29,61.814998626708984
2022-11-30,60.810001373291016
2022-12-01,60.9900016784668
2022-12-02,61.18000030517578
2022-12-05,60.51499938964844
2022-12-06,60.51499938964844
2022-12-07,60.51499938964844
2022-12-08,63.464900970458984
2022-12-09,63.3650016784668
2022-12-12,62.47999954223633
2022-12-13,62.625
2022-12-14,63.18000030517578
2022-12-15,64.71499633789062
2022-12-16,64.61499786376953
2022-12-19,64.83999633789062
2022-12-20,69.71499633789062
2022-12-21,69.25
2022-12-22,73.21499633789062
2022-12-23,68.21499633789062
2022-12-26,70.21499633789062
2022-12-27,68.33000183105469
2022-12-28,69.96499633789062
2022-12-29,72.71499633789062
2022-12-30,73.96499633789062
2023-01-02,73.71499633789062
2023-01-03,70.99549865722656
2023-01-04,73.01499938964844
2023-01-05,72.46499633789062
2023-01-06,72.11499786376953
2023-01-09,72.46499633789062
2023-01-10,69.87999725341797
2023-01-11,69.63999938964844
2023-01-12,69.11900329589844
2023-01-13,67.75
2023-01-16,65.96499633789062
2023-01-17,68.71499633789062
2023-01-18,68.46499633789062
2023-01-19,68.71499633789062
2023-01-20,69.36499786376953
2023-01-23,68.21499633789062
2023-01-24,68.94499969482422
2023-01-25,69.41500091552734
2023-01-26,69.19499969482422
2023-01-27,69.46499633789062
2023-01-30,70.69249725341797
2023-01-31,69.87999725341797
2023-02-01,70.55000305175781
2023-02-02,69.9000015258789
2023-02-03,75.03099822998047
2023-02-06,70.61499786376953
2023-02-07,71.4749984741211
2023-02-08,72.0999984741211
2023-02-09,73.22100067138672
2023-02-10,73.00499725341797
2023-02-13,73.07499694824219
2023-02-14,74.06400299072266
2023-02-15,73.56500244140625
2023-02-16,73.96499633789062
2023-02-17,74.68000030517578
2023-02-20,73.96499633789062
2023-02-21,75.46399688720703
2023-02-22,74.61499786376953
2023-02-23,74.86499786376953
2023-02-24,75.36499786376953
2023-02-27,75.9800033569336
2023-02-28,74.61499786376953
2023-03-01,75.01499938964844
2023-03-02,75.2300033569336
2023-03-03,75.48999786376953
2023-03-06,75.36499786376953
2023-03-07,75.36499786376953
2023-03-08,75.56500244140625
2023-03-09,76.01499938964844
2023-03-10,75.81500244140625
2023-03-13,76.16500091552734
2023-03-14,75.51499938964844
2023-03-15,75.71499633789062
2023-03-16,5.0
2023-03-17,76.46499633789062
2023-03-20,76.92500305175781
2023-03-21,77.46499633789062
2023-03-22,77.21499633789062
2023-03-23,76.88999938964844
2023-03-24,75.96499633789062
2023-03-27,77.24500274658203
2023-03-28,76.5
2023-03-29,76.5250015258789
2023-03-30,77.29000091552734
2023-03-31,77.23999786376953
2023-04-03,77.96499633789062
2023-04-04,78.61499786376953
2023-04-05,79.26499938964844
2023-04-06,80.16500091552734
2023-04-07,81.16500091552734
2023-04-10,81.06500244140625
2023-04-11,81.625
2023-04-12,81.06500244140625
2023-04-13,82.01499938964844
2023-04-14,81.66500091552734
2023-04-17,81.51499938964844
2023-04-18,82.01499938964844
2023-04-19,81.76499938964844
2023-04-20,81.66500091552734
2023-04-21,81.76499938964844
2023-04-24,81.41500091552734
2023-04-25,81.45999908447266
2023-04-26,80.81600189208984
2023-04-27,81.76499938964844
2023-04-28,81.81500244140625
2023-05-01,80.41500091552734
2023-05-02,80.66500091552734
2023-05-03,80.07499694824219
2023-05-04,79.46499633789062
2023-05-05,78.46499633789062
2023-05-08,77.7750015258789
2023-05-09,77.69000244140625
2023-05-10,77.96499633789062
2023-05-11,77.69000244140625
2023-05-12,76.96499633789062
2023-05-15,77.32499694824219
2023-05-16,79.71499633789062
2023-05-17,80.45500183105469
2023-05-18,79.71499633789062
2023-05-19,80.36499786376953
2023-05-22,80.06500244140625
2023-05-23,80.46499633789062
2023-05-24,80.125
2023-05-25,80.06500244140625
2023-05-26,79.98999786376953
2023-05-29,78.96499633789062
2023-05-30,80.21499633789062
2023-05-31,79.61000061035156
2023-06-01,81.51499938964844
2023-06-02,80.96499633789062
2023-06-05,80.76499938964844
2023-06-06,80.56500244140625
2023-06-07,81.31500244140625
2023-06-08,81.51499938964844
2023-06-09,81.9749984741211
2023-06-12,82.69000244140625
2023-06-13,83.84500122070312
2023-06-14,83.91500091552734
2023-06-15,83.96499633789062
2023-06-16,83.44499969482422
2023-06-19,83.46499633789062
2023-06-20,83.81500244140625
2023-06-21,84.71399688720703
2023-06-22,83.61499786376953
2023-06-23,80.94999694824219
2023-06-26,83.61499786376953
2023-06-27,84.375
2023-06-28,85.33999633789062
2023-06-29,85.8550033569336
2023-06-30,86.82499694824219
2023-07-03,87.91500091552734
2023-07-04,89.47000122070312
2023-07-05,89.96499633789062
2023-07-06,91.21499633789062
2023-07-07,91.21499633789062
2023-07-10,91.2249984741211
2023-07-11,90.51499938964844
2023-07-12,90.46499633789062
2023-07-13,90.46499633789062
2023-07-14,90.09500122070312
2023-07-17,90.21499633789062
2023-07-18,90.56999969482422
2023-07-19,90.96499633789062
2023-07-20,91.91500091552734
2023-07-21,90.06500244140625
2023-07-24,90.46499633789062
2023-07-25,90.41500091552734
2023-07-26,90.16500091552734
2023-07-27,89.96499633789062
2023-07-28,90.66500091552734
2023-07-31,92.0250015258789
2023-08-01,91.61499786376953
2023-08-02,92.375
2023-08-03,94.01499938964844
2023-08-04,94.96499633789062
2023-08-07,95.83999633789062
2023-08-08,95.71499633789062
2023-08-09,97.16999816894531
2023-08-10,96.83999633789062
2023-08-11,96.98999786376953
2023-08-14,99.95999908447266
2023-08-15,96.96499633789062
2023-08-16,98.46499633789062
2023-08-17,94.46399688720703
2023-08-18,94.46499633789062
2023-08-21,95.16500091552734
2023-08-22,93.46499633789062
2023-08-23,94.46499633789062
2023-08-24,94.96600341796875
2023-08-25,94.46499633789062
2023-08-28,95.46499633789062
2023-08-29,94.46499633789062
2023-08-30,95.38999938964844
2023-08-31,96.26499938964844
2023-09-01,95.83999633789062
2023-09-04,96.37000274658203
2023-09-05,96.21499633789062
2023-09-06,96.73500061035156
2023-09-07,97.76499938964844
2023-09-08,98.46499633789062
2023-09-11,97.71499633789062
2023-09-12,95.01499938964844
2023-09-13,94.86900329589844
2023-09-14,95.96499633789062
2023-09-15,95.46499633789062
2023-09-18,96.76499938964844
2023-09-19,95.91500091552734
2023-09-20,97.46600341796875
2023-09-21,95.98999786376953
2023-09-22,96.06400299072266
2023-09-25,96.26499938964844
2023-09-26,94.80500030517578
2023-09-27,96.56500244140625
2023-09-28,96.06999969482422
2023-09-29,96.61499786376953
2023-10-02,97.96499633789062
2023-10-03,98.76499938964844
2023-10-04,100.96499633789062
2023-10-05,99.46499633789062
2023-10-06,100.08999633789062
2023-10-09,100.96499633789062
2023-10-10,99.21499633789062
2023-10-11,100.26480102539062
2023-10-12,97.71600341796875
2023-10-13,97.69000244140625
2023-10-16,97.66500091552734
2023-10-17,97.31500244140625
2023-10-18,97.99500274658203
2023-10-19,98.07499694824219
2023-10-20,96.1500015258789
2023-10-23,95.41500091552734
2023-10-24,94.46499633789062
2023-10-25,93.44499969482422
2023-10-26,93.96499633789062
2023-10-27,93.61499786376953
2023-10-30,94.16500091552734
2023-10-31,92.5199966430664
2023-11-01,93.29000091552734
2023-11-02,92.57499694824219
2023-11-03,93.23999786376953
2023-11-06,91.69599914550781
2023-11-07,92.62000274658203
2023-11-08,92.06500244140625
2023-11-09,91.81500244140625
2023-11-10,91.63999938964844
2023-11-13,92.16999816894531
2023-11-14,91.87999725341797
2023-11-15,90.5
2023-11-16,89.41999816894531
2023-11-17,89.31500244140625
2023-11-20,89.33999633789062
2023-11-21,88.5199966430664
2023-11-22,88.20999908447266
2023-11-23,88.36499786376953
2023-11-24,88.23999786376953
2023-11-27,89.24500274658203
2023-11-28,89.04000091552734
2023-11-29,88.84500122070312
2023-11-30,88.66500091552734
2023-12-01,89.94000244140625
2023-12-04,91.19000244140625
2023-12-05,91.46499633789062
2023-12-06,90.17749786376953
2023-12-07,92.76499938964844
2023-12-08,92.4000015258789
2023-12-11,92.12000274658203
2023-12-12,90.92500305175781
2023-12-13,90.26499938964844
2023-12-14,89.31500244140625
2023-12-15,89.48999786376953
2023-12-18,90.61499786376953
2023-12-19,90.48999786376953
2023-12-20,90.44000244140625
2023-12-21,90.05500030517578
2023-12-22,92.86000061035156
2023-12-25,92.08999633789062
2023-12-26,91.9574966430664
2023-12-27,91.59500122070312
2023-12-28,91.61000061035156
2023-12-29,88.44000244140625
2024-01-01,89.21499633789062
2024-01-02,89.21499633789062
2024-01-03,90.3949966430664
2024-01-04,91.96499633789062
2024-01-05,91.31500244140625
2024-01-08,90.8949966430664
2024-01-09,90.8949966430664
2024-01-10,90.8949966430664
2024-01-11,90.88999938964844
2024-01-12,89.88999938964844
2024-01-15,89.88999938964844
2024-01-16,89.88999938964844
2024-01-17,87.94999694824219
2024-01-18,88.62000274658203
2024-01-19,88.62000274658203
2024-01-22,89.41999816894531
2024-01-23,87.98999786376953
2024-01-24,87.98999786376953
2024-01-25,88.69000244140625
2024-01-26,88.0
2024-01-29,88.0
2024-01-30,89.2699966430664
2024-01-31,89.73999786376953
2024-02-01,89.9800033569336
2024-02-02,90.41000366210938
2024-02-05,90.98999786376953
2024-02-06,90.98999786376953
2024-02-07,90.51000213623047
2024-02-08,90.51000213623047
2024-02-09,91.16999816894531
2024-02-12,91.37000274658203
2024-02-13,91.37000274658203
2024-02-14,91.5
2024-02-15,91.63999938964844
2024-02-16,92.2699966430664
2024-02-19,92.2699966430664
2024-02-20,92.47000122070312
2024-02-21,92.0999984741211
2024-02-22,92.0999984741211
2024-02-23,93.04000091552734
2024-02-26,93.04000091552734
2024-02-27,91.87000274658203
2024-02-28,91.87000274658203
2024-02-29,91.87000274658203
2024-03-01,91.48999786376953
2024-03-04,91.48999786376953
2024-03-05,91.48999786376953
2024-03-06,91.61000061035156
2024-03-07,90.80999755859375
2024-03-08,90.80999755859375
2024-03-11,90.94000244140625
2024-03-12,90.48999786376953
2024-03-13,91.72000122070312
2024-03-14,91.33999633789062
2024-03-15,91.33999633789062
2024-03-18,92.5199966430664
2024-03-19,92.5199966430664
2024-03-20,91.44000244140625
2024-03-21,91.44000244140625
2024-03-22,92.3499984741211
2024-03-25,92.12000274658203
2024-03-26,92.4749984741211
2024-03-27,92.47000122070312
2024-03-28,92.44000244140625
2024-03-29,92.44000244140625
2024-04-01,92.56999969482422
2024-04-02,92.27999877929688
2024-04-03,92.27999877929688
2024-04-04,92.44999694824219
2024-04-05,92.44999694824219
2024-04-08,92.56999969482422
2024-04-09,92.62000274658203
2024-04-10,92.62000274658203
2024-04-11,92.88999938964844
2024-04-12,92.88999938964844
2024-04-15,93.30000305175781
2024-04-16,93.30000305175781
2024-04-17,93.30000305175781
2024-04-18,94.13999938964844
2024-04-19,93.69999694824219
2024-04-22,93.69999694824219
2024-04-23,93.0199966430664
2024-04-24,93.0199966430664
2024-04-25,93.47000122070312
2024-04-26,92.2699966430664
2024-04-29,92.2699966430664
2024-04-30,93.41999816894531
2024-05-01,93.41999816894531
2024-05-02,93.26000213623047
2024-05-03,93.26000213623047
2024-05-06,93.26000213623047
2024-05-07,91.06999969482422
2024-05-08,91.06999969482422
2024-05-09,91.27999877929688
2024-05-10,91.62000274658203
2024-05-13,91.62000274658203
2024-05-14,91.62000274658203
2024-05-15,91.31999969482422
2024-05-16,90.74500274658203
2024-05-17,90.74500274658203
2024-05-20,90.74500274658203
2024-05-21,90.29000091552734
2024-05-22,90.31999969482422
2024-05-23,90.31999969482422
2024-05-24,91.62000274658203
2024-05-27,91.62000274658203
2024-05-28,91.62000274658203
2024-05-29,91.62000274658203
2024-05-30,89.56999969482422
2024-05-31,89.56999969482422
2024-06-03,90.41999816894531
2024-06-04,89.31999969482422
2024-06-05,88.52999877929688
2024-06-06,89.04549407958984
2024-06-07,89.32048797607422
2024-06-10,88.8342514038086
2024-06-11,88.8700180053711
2024-06-12,89.24626922607422
2024-06-13,88.9970932006836
2024-06-14,87.87535095214844
2024-06-17,88.06436157226562
2024-06-18,88.72040557861328
2024-06-19,85.37165832519531
2024-06-20,83.49625396728516
2024-06-21,87.37244415283203
2024-06-24,87.3442153930664
2024-06-25,87.99541473388672
2024-06-26,87.4979476928711
2024-06-27,88.2453842163086
2024-06-28,84.99630737304688
2024-07-01,85.50910186767578
2024-07-02,86.7470474243164
2024-07-03,87.84622192382812
2024-07-04,88.49542999267578
2024-07-05,88.99748992919922
2024-07-08,87.1934585571289
2024-07-09,86.61963653564453
2024-07-10,86.4906997680664
2024-07-11,88.34503173828125
2024-07-12,86.99708557128906
2024-07-15,86.76679992675781
2024-07-16,87.99429321289062
2024-07-17,88.49625396728516
2024-07-18,88.4801025390625
2024-07-19,88.39669799804688
2024-07-22,86.88471984863281
2024-07-23,87.84465789794922
2024-07-24,87.84552001953125
2024-07-25,86.23690795898438
2024-07-26,84.9942855834961
2024-07-29,84.99562072753906
2024-07-30,86.39580535888672
2024-07-31,85.74746704101562
2024-08-01,85.99626922607422
2024-08-02,85.51448822021484
2024-08-05,84.13951873779297
2024-08-06,84.87247467041016
2024-08-07,85.66654205322266
2024-08-08,85.72735595703125
2024-08-09,86.74417114257812
2024-08-12,86.79954528808594
2024-08-13,90.99552154541016
2024-08-14,90.496337890625
2024-08-15,89.79513549804688
2024-08-16,88.9215316772461
2024-08-19,89.46427154541016
2024-08-20,89.99603271484375
2024-08-21,91.14886474609375
2024-08-22,91.4968032836914
2024-08-23,91.49641418457031
2024-08-26,90.2614517211914
2024-08-27,92.00057220458984
2024-08-28,91.49476623535156
2024-08-29,91.49394989013672
2024-08-30,91.49642944335938
2024-09-02,90.67738342285156
2024-09-03,89.79557037353516
2024-09-04,87.87251281738281
2024-09-05,87.49964141845703
2024-09-06,88.24842071533203
2024-09-09,89.15444946289062
2024-09-10,90.54016876220703
2024-09-11,90.99885559082031
2024-09-12,91.5688247680664
2024-09-13,89.1964111328125
2024-09-16,89.73624420166016
2024-09-17,91.39635467529297
2024-09-18,91.49606323242188
2024-09-19,93.62269592285156
2024-09-20,92.17015075683594
2024-09-23,91.74928283691406
2024-09-24,91.46929931640625
2024-09-25,92.7972183227539
2024-09-26,92.4964828491211
2024-09-27,92.60604095458984
2024-09-30,94.22872924804688
2024-10-01,92.99935150146484
2024-10-02,95.84689331054688
2024-10-03,95.64681243896484
2024-10-04,94.49250793457031
2024-10-07,94.79666900634766
2024-10-08,96.19636535644531
2024-10-09,96.74461364746094
2024-10-10,97.00032043457031
2024-10-11,96.59542083740234
2024-10-14,95.88238525390625
2024-10-15,95.59062957763672
2024-10-16,96.9949722290039
2024-10-17,97.496826171875
2024-10-18,97.39495849609375
2024-10-21,94.95330810546875
2024-10-22,96.7945556640625
2024-10-23,95.74276733398438
2024-10-24,95.95083618164062
2024-10-25,96.24457550048828
2024-10-28,97.24337005615234
2024-10-29,97.24455261230469
2024-10-30,97.49544525146484
2024-10-31,97.01905822753906
2024-11-01,97.37313842773438
2024-11-04,97.02130889892578
2024-11-05,98.99544525146484
2024-11-06,97.7958755493164
2024-11-07,97.2181625366211
2024-11-08,97.9981689453125
2024-11-11,97.06427001953125
2024-11-12,95.9945068359375
2024-11-13,98.2466812133789
2024-11-14,98.49440002441406
2024-11-15,99.57842254638672
2024-11-18,99.98167419433594
2024-11-19,99.74581146240234
2024-11-20,100.57264709472656
2024-11-21,100.59713745117188
2024-11-22,101.29666137695312
2024-11-25,103.70426940917969
2024-11-26,104.01014709472656
2024-11-27,105.49270629882812
2024-11-28,113.14102172851562
2024-11-29,107.99378967285156
2024-12-02,106.50303649902344
2024-12-03,106.48507690429688
2024-12-04,104.99542999267578
2024-12-05,104.99980926513672
2024-12-06,100.99154663085938
2024-12-09,97.96543884277344
